ena_run_accession	ena_sample_accession	instrument_model
ERR025833	SAMEA961610	Illumina Genome Analyzer II
ERR025834	SAMEA961608	Illumina Genome Analyzer II
ERR025835	SAMEA961609	Illumina Genome Analyzer II
ERR025836	SAMEA961584	Illumina Genome Analyzer II
ERR025837	SAMEA961583	Illumina Genome Analyzer II
ERR025838	SAMEA961582	Illumina Genome Analyzer II
ERR025839	SAMEA961581	Illumina Genome Analyzer II
ERR025842	SAMEA961587	Illumina Genome Analyzer II
ERR025843	SAMEA961586	Illumina Genome Analyzer II
ERR025844	SAMEA961585	Illumina Genome Analyzer II
ERR025846	SAMEA961579	Illumina Genome Analyzer II
ERR025847	SAMEA961640	Illumina Genome Analyzer II
ERR025848	SAMEA961641	Illumina Genome Analyzer II
ERR038254	SAMEA961668	Illumina HiSeq 2000
ERR038255	SAMEA961669	Illumina HiSeq 2000
ERR038256	SAMEA961675	Illumina HiSeq 2000
ERR038257	SAMEA961674	Illumina HiSeq 2000
ERR038258	SAMEA961677	Illumina HiSeq 2000
ERR038259	SAMEA961676	Illumina HiSeq 2000
ERR038260	SAMEA961671	Illumina HiSeq 2000
ERR038261	SAMEA961670	Illumina HiSeq 2000
ERR038262	SAMEA961673	Illumina HiSeq 2000
ERR038263	SAMEA961672	Illumina HiSeq 2000
ERR038264	SAMEA961679	Illumina HiSeq 2000
ERR038265	SAMEA961678	Illumina HiSeq 2000
ERR038266	SAMEA961575	Illumina HiSeq 2000
ERR038269	SAMEA961574	Illumina HiSeq 2000
ERR038270	SAMEA961571	Illumina HiSeq 2000
ERR038271	SAMEA961572	Illumina HiSeq 2000
ERR038272	SAMEA961569	Illumina HiSeq 2000
ERR038273	SAMEA961570	Illumina HiSeq 2000
ERR038274	SAMEA961577	Illumina HiSeq 2000
ERR038275	SAMEA961578	Illumina HiSeq 2000
ERR038276	SAMEA961594	Illumina HiSeq 2000
ERR038277	SAMEA961593	Illumina HiSeq 2000
ERR038278	SAMEA961592	Illumina HiSeq 2000
ERR038279	SAMEA961591	Illumina HiSeq 2000
ERR038280	SAMEA961598	Illumina HiSeq 2000
ERR038281	SAMEA961597	Illumina HiSeq 2000
ERR038282	SAMEA961596	Illumina HiSeq 2000
ERR038283	SAMEA961595	Illumina HiSeq 2000
ERR038284	SAMEA961590	Illumina HiSeq 2000
ERR038285	SAMEA961589	Illumina HiSeq 2000
ERR038286	SAMEA961617	Illumina HiSeq 2000
ERR038287	SAMEA961618	Illumina HiSeq 2000
ERR038288	SAMEA961619	Illumina HiSeq 2000
ERR038290	SAMEA961613	Illumina HiSeq 2000
ERR038291	SAMEA961614	Illumina HiSeq 2000
ERR038292	SAMEA961615	Illumina HiSeq 2000
ERR038293	SAMEA961616	Illumina HiSeq 2000
ERR038294	SAMEA961611	Illumina HiSeq 2000
ERR038295	SAMEA961612	Illumina HiSeq 2000
ERR038296	SAMEA961623	Illumina HiSeq 2000
ERR038298	SAMEA961625	Illumina HiSeq 2000
ERR038299	SAMEA961624	Illumina HiSeq 2000
ERR038300	SAMEA961627	Illumina HiSeq 2000
ERR039323	SAMEA961644	Illumina HiSeq 2000
ERR039324	SAMEA961647	Illumina HiSeq 2000
ERR039325	SAMEA961648	Illumina HiSeq 2000
ERR039326	SAMEA961645	Illumina HiSeq 2000
ERR039327	SAMEA961646	Illumina HiSeq 2000
ERR039328	SAMEA961642	Illumina HiSeq 2000
ERR039329	SAMEA961643	Illumina HiSeq 2000
ERR039330	SAMEA961659	Illumina HiSeq 2000
ERR039331	SAMEA961658	Illumina HiSeq 2000
ERR039332	SAMEA961657	Illumina HiSeq 2000
ERR039333	SAMEA961656	Illumina HiSeq 2000
ERR039334	SAMEA961655	Illumina HiSeq 2000
ERR039335	SAMEA961654	Illumina HiSeq 2000
ERR039336	SAMEA961653	Illumina HiSeq 2000
ERR039337	SAMEA961652	Illumina HiSeq 2000
ERR039338	SAMEA961651	Illumina HiSeq 2000
ERR039339	SAMEA961650	Illumina HiSeq 2000
ERR039340	SAMEA961660	Illumina HiSeq 2000
ERR039341	SAMEA961661	Illumina HiSeq 2000
ERR039342	SAMEA961662	Illumina HiSeq 2000
ERR039343	SAMEA961663	Illumina HiSeq 2000
ERR039344	SAMEA961664	Illumina HiSeq 2000
ERR039345	SAMEA961665	Illumina HiSeq 2000
ERR039346	SAMEA961666	Illumina HiSeq 2000
ERR040086	SAMEA961626	Illumina HiSeq 2000
ERR040087	SAMEA961629	Illumina HiSeq 2000
ERR040088	SAMEA961628	Illumina HiSeq 2000
ERR040089	SAMEA961631	Illumina HiSeq 2000
ERR040090	SAMEA961630	Illumina HiSeq 2000
ERR040091	SAMEA961634	Illumina HiSeq 2000
ERR040093	SAMEA961632	Illumina HiSeq 2000
ERR040094	SAMEA961633	Illumina HiSeq 2000
ERR040095	SAMEA961638	Illumina HiSeq 2000
ERR040096	SAMEA961639	Illumina HiSeq 2000
ERR040097	SAMEA961636	Illumina HiSeq 2000
ERR040098	SAMEA961637	Illumina HiSeq 2000
ERR040099	SAMEA961649	Illumina HiSeq 2000
ERR040100	SAMEA961621	Illumina HiSeq 2000
ERR040101	SAMEA961599	Illumina HiSeq 2000
ERR040102	SAMEA961600	Illumina HiSeq 2000
ERR040103	SAMEA961601	Illumina HiSeq 2000
ERR040104	SAMEA961602	Illumina HiSeq 2000
ERR040105	SAMEA961603	Illumina HiSeq 2000
ERR040106	SAMEA961604	Illumina HiSeq 2000
ERR040107	SAMEA961605	Illumina HiSeq 2000
ERR040108	SAMEA961606	Illumina HiSeq 2000
ERR040109	SAMEA961607	Illumina HiSeq 2000
ERR046729	SAMEA1019200	Illumina HiSeq 2000
ERR046730	SAMEA1019222	Illumina HiSeq 2000
ERR046732	SAMEA1019233	Illumina HiSeq 2000
ERR046733	SAMEA1019256	Illumina HiSeq 2000
ERR046734	SAMEA1019123	Illumina HiSeq 2000
ERR046735	SAMEA1019273	Illumina HiSeq 2000
ERR046736	SAMEA1019285	Illumina HiSeq 2000
ERR046737	SAMEA1019305	Illumina HiSeq 2000
ERR046738	SAMEA1019321	Illumina HiSeq 2000
ERR046739	SAMEA1019324	Illumina HiSeq 2000
ERR046741	SAMEA1019215	Illumina HiSeq 2000
ERR046743	SAMEA1019251	Illumina HiSeq 2000
ERR046744	SAMEA1019174	Illumina HiSeq 2000
ERR046745	SAMEA1019139	Illumina HiSeq 2000
ERR046746	SAMEA1019157	Illumina HiSeq 2000
ERR046747	SAMEA1019118	Illumina HiSeq 2000
ERR046748	SAMEA1019136	Illumina HiSeq 2000
ERR046749	SAMEA1019094	Illumina HiSeq 2000
ERR046751	SAMEA1019101	Illumina HiSeq 2000
ERR046752	SAMEA1019309	Illumina HiSeq 2000
ERR046753	SAMEA1019322	Illumina HiSeq 2000
ERR046754	SAMEA1019031	Illumina HiSeq 2000
ERR046755	SAMEA1019011	Illumina HiSeq 2000
ERR046756	SAMEA1018995	Illumina HiSeq 2000
ERR046758	SAMEA1018967	Illumina HiSeq 2000
ERR046759	SAMEA1019212	Illumina HiSeq 2000
ERR046760	SAMEA1019189	Illumina HiSeq 2000
ERR046761	SAMEA1019194	Illumina HiSeq 2000
ERR046762	SAMEA1019267	Illumina HiSeq 2000
ERR046763	SAMEA1019248	Illumina HiSeq 2000
ERR046764	SAMEA1019049	Illumina HiSeq 2000
ERR046765	SAMEA1019064	Illumina HiSeq 2000
ERR046766	SAMEA1019075	Illumina HiSeq 2000
ERR046767	SAMEA1018843	Illumina HiSeq 2000
ERR046768	SAMEA1018857	Illumina HiSeq 2000
ERR046769	SAMEA1018871	Illumina HiSeq 2000
ERR046770	SAMEA1018889	Illumina HiSeq 2000
ERR046771	SAMEA1018907	Illumina HiSeq 2000
ERR046772	SAMEA1018900	Illumina HiSeq 2000
ERR046773	SAMEA1018914	Illumina HiSeq 2000
ERR046775	SAMEA1019002	Illumina HiSeq 2000
ERR046776	SAMEA1019012	Illumina HiSeq 2000
ERR046777	SAMEA1018976	Illumina HiSeq 2000
ERR046778	SAMEA1018983	Illumina HiSeq 2000
ERR046779	SAMEA1019048	Illumina HiSeq 2000
ERR046780	SAMEA1019065	Illumina HiSeq 2000
ERR046781	SAMEA1019022	Illumina HiSeq 2000
ERR046782	SAMEA1019033	Illumina HiSeq 2000
ERR046783	SAMEA1019036	Illumina HiSeq 2000
ERR046784	SAMEA1019171	Illumina HiSeq 2000
ERR046785	SAMEA1019163	Illumina HiSeq 2000
ERR046786	SAMEA1019095	Illumina HiSeq 2000
ERR046788	SAMEA1019088	Illumina HiSeq 2000
ERR046789	SAMEA1019134	Illumina HiSeq 2000
ERR046791	SAMEA1019028	Illumina HiSeq 2000
ERR046792	SAMEA1019041	Illumina HiSeq 2000
ERR046794	SAMEA1019259	Illumina HiSeq 2000
ERR046795	SAMEA1019241	Illumina HiSeq 2000
ERR046796	SAMEA1019217	Illumina HiSeq 2000
ERR046797	SAMEA1019202	Illumina HiSeq 2000
ERR046798	SAMEA1019183	Illumina HiSeq 2000
ERR046799	SAMEA1019179	Illumina HiSeq 2000
ERR046800	SAMEA1019167	Illumina HiSeq 2000
ERR046819	SAMEA1019121	Illumina HiSeq 2000
ERR046820	SAMEA1019110	Illumina HiSeq 2000
ERR046821	SAMEA1019099	Illumina HiSeq 2000
ERR046822	SAMEA1019084	Illumina HiSeq 2000
ERR046823	SAMEA1019014	Illumina HiSeq 2000
ERR046824	SAMEA1019306	Illumina HiSeq 2000
ERR046825	SAMEA1019192	Illumina HiSeq 2000
ERR046831	SAMEA1019052	Illumina HiSeq 2000
ERR046832	SAMEA1019055	Illumina HiSeq 2000
ERR046834	SAMEA1018838	Illumina HiSeq 2000
ERR046837	SAMEA1018934	Illumina HiSeq 2000
ERR046838	SAMEA1018908	Illumina HiSeq 2000
ERR046839	SAMEA1018896	Illumina HiSeq 2000
ERR046840	SAMEA1018957	Illumina HiSeq 2000
ERR046841	SAMEA1018959	Illumina HiSeq 2000
ERR046842	SAMEA1018912	Illumina HiSeq 2000
ERR046843	SAMEA1018897	Illumina HiSeq 2000
ERR046844	SAMEA1018916	Illumina HiSeq 2000
ERR046845	SAMEA1018863	Illumina HiSeq 2000
ERR046846	SAMEA1018890	Illumina HiSeq 2000
ERR046847	SAMEA1018849	Illumina HiSeq 2000
ERR046849	SAMEA1019050	Illumina HiSeq 2000
ERR046850	SAMEA1019054	Illumina HiSeq 2000
ERR046851	SAMEA1018949	Illumina HiSeq 2000
ERR046852	SAMEA1018963	Illumina HiSeq 2000
ERR046853	SAMEA1018898	Illumina HiSeq 2000
ERR046854	SAMEA1018921	Illumina HiSeq 2000
ERR046855	SAMEA1018864	Illumina HiSeq 2000
ERR046857	SAMEA1018892	Illumina HiSeq 2000
ERR046858	SAMEA1018845	Illumina HiSeq 2000
ERR046859	SAMEA1018856	Illumina HiSeq 2000
ERR046860	SAMEA1019056	Illumina HiSeq 2000
ERR046861	SAMEA1019318	Illumina HiSeq 2000
ERR046862	SAMEA1019300	Illumina HiSeq 2000
ERR046863	SAMEA1019211	Illumina HiSeq 2000
ERR046864	SAMEA1019196	Illumina HiSeq 2000
ERR046865	SAMEA1019266	Illumina HiSeq 2000
ERR046866	SAMEA1019246	Illumina HiSeq 2000
ERR046867	SAMEA1019224	Illumina HiSeq 2000
ERR046869	SAMEA1018925	Illumina HiSeq 2000
ERR046871	SAMEA1019037	Illumina HiSeq 2000
ERR046872	SAMEA1019034	Illumina HiSeq 2000
ERR046873	SAMEA1019047	Illumina HiSeq 2000
ERR046874	SAMEA1019066	Illumina HiSeq 2000
ERR046875	SAMEA1018839	Illumina HiSeq 2000
ERR046876	SAMEA1018855	Illumina HiSeq 2000
ERR046877	SAMEA1018869	Illumina HiSeq 2000
ERR046878	SAMEA1018870	Illumina HiSeq 2000
ERR046879	SAMEA1018886	Illumina HiSeq 2000
ERR046880	SAMEA1018904	Illumina HiSeq 2000
ERR046881	SAMEA1019164	Illumina HiSeq 2000
ERR046882	SAMEA1018994	Illumina HiSeq 2000
ERR046883	SAMEA1018990	Illumina HiSeq 2000
ERR046884	SAMEA1019003	Illumina HiSeq 2000
ERR046885	SAMEA1018969	Illumina HiSeq 2000
ERR046887	SAMEA1019062	Illumina HiSeq 2000
ERR046888	SAMEA1019077	Illumina HiSeq 2000
ERR046890	SAMEA1019017	Illumina HiSeq 2000
ERR046891	SAMEA1019113	Illumina HiSeq 2000
ERR046893	SAMEA1019080	Illumina HiSeq 2000
ERR046894	SAMEA1019093	Illumina HiSeq 2000
ERR046895	SAMEA1019181	Illumina HiSeq 2000
ERR046897	SAMEA1019151	Illumina HiSeq 2000
ERR046898	SAMEA1019142	Illumina HiSeq 2000
ERR046903	SAMEA1019184	Illumina HiSeq 2000
ERR046904	SAMEA1019250	Illumina HiSeq 2000
ERR046905	SAMEA1019265	Illumina HiSeq 2000
ERR046907	SAMEA1019155	Illumina HiSeq 2000
ERR046908	SAMEA1019145	Illumina HiSeq 2000
ERR046910	SAMEA1019169	Illumina HiSeq 2000
ERR046911	SAMEA1018884	Illumina HiSeq 2000
ERR046913	SAMEA1018859	Illumina HiSeq 2000
ERR046914	SAMEA1019315	Illumina HiSeq 2000
ERR046915	SAMEA1019302	Illumina HiSeq 2000
ERR046916	SAMEA1019313	Illumina HiSeq 2000
ERR046917	SAMEA1019293	Illumina HiSeq 2000
ERR046918	SAMEA1019276	Illumina HiSeq 2000
ERR046919	SAMEA1019249	Illumina HiSeq 2000
ERR046920	SAMEA1019229	Illumina HiSeq 2000
ERR046921	SAMEA1019154	Illumina HiSeq 2000
ERR046922	SAMEA1019143	Illumina HiSeq 2000
ERR046923	SAMEA1019146	Illumina HiSeq 2000
ERR046924	SAMEA1019258	Illumina HiSeq 2000
ERR046925	SAMEA1018985	Illumina HiSeq 2000
ERR046926	SAMEA1019058	Illumina HiSeq 2000
ERR046928	SAMEA1019068	Illumina HiSeq 2000
ERR046929	SAMEA1019021	Illumina HiSeq 2000
ERR046930	SAMEA1019032	Illumina HiSeq 2000
ERR046932	SAMEA1019085	Illumina HiSeq 2000
ERR046933	SAMEA1019128	Illumina HiSeq 2000
ERR046936	SAMEA1018943	Illumina HiSeq 2000
ERR046937	SAMEA1018954	Illumina HiSeq 2000
ERR046938	SAMEA1018977	Illumina HiSeq 2000
ERR046939	SAMEA1018968	Illumina HiSeq 2000
ERR046940	SAMEA1018980	Illumina HiSeq 2000
ERR046941	SAMEA1018991	Illumina HiSeq 2000
ERR046942	SAMEA1019008	Illumina HiSeq 2000
ERR046943	SAMEA1019024	Illumina HiSeq 2000
ERR046945	SAMEA1019198	Illumina HiSeq 2000
ERR046946	SAMEA1018948	Illumina HiSeq 2000
ERR046947	SAMEA1018962	Illumina HiSeq 2000
ERR046948	SAMEA1018906	Illumina HiSeq 2000
ERR046949	SAMEA1018923	Illumina HiSeq 2000
ERR046950	SAMEA1018918	Illumina HiSeq 2000
ERR046951	SAMEA1018866	Illumina HiSeq 2000
ERR046952	SAMEA1018883	Illumina HiSeq 2000
ERR046953	SAMEA1018846	Illumina HiSeq 2000
ERR046954	SAMEA1018862	Illumina HiSeq 2000
ERR046957	SAMEA1019299	Illumina HiSeq 2000
ERR046958	SAMEA1019210	Illumina HiSeq 2000
ERR046959	SAMEA1019185	Illumina HiSeq 2000
ERR046960	SAMEA1019253	Illumina HiSeq 2000
ERR046961	SAMEA1019270	Illumina HiSeq 2000
ERR046963	SAMEA1018901	Illumina HiSeq 2000
ERR046964	SAMEA1018924	Illumina HiSeq 2000
ERR046965	SAMEA1019219	Illumina HiSeq 2000
ERR046966	SAMEA1019308	Illumina HiSeq 2000
ERR046967	SAMEA1019330	Illumina HiSeq 2000
ERR046968	SAMEA1019272	Illumina HiSeq 2000
ERR046969	SAMEA1019286	Illumina HiSeq 2000
ERR046970	SAMEA1019120	Illumina HiSeq 2000
ERR046971	SAMEA1019133	Illumina HiSeq 2000
ERR046972	SAMEA1019126	Illumina HiSeq 2000
ERR046974	SAMEA1019100	Illumina HiSeq 2000
ERR046975	SAMEA1018928	Illumina HiSeq 2000
ERR046980	SAMEA1019228	Illumina HiSeq 2000
ERR046981	SAMEA1019257	Illumina HiSeq 2000
ERR046982	SAMEA1019271	Illumina HiSeq 2000
ERR046983	SAMEA1019281	Illumina HiSeq 2000
ERR046988	SAMEA1018878	Illumina HiSeq 2000
ERR046989	SAMEA1018867	Illumina HiSeq 2000
ERR046990	SAMEA1018929	Illumina HiSeq 2000
ERR046991	SAMEA1018911	Illumina HiSeq 2000
ERR046992	SAMEA1018960	Illumina HiSeq 2000
ERR046993	SAMEA1018945	Illumina HiSeq 2000
ERR046994	SAMEA1018941	Illumina HiSeq 2000
ERR046995	SAMEA1019043	Illumina HiSeq 2000
ERR046996	SAMEA1019029	Illumina HiSeq 2000
ERR046997	SAMEA1019013	Illumina HiSeq 2000
ERR046998	SAMEA1019001	Illumina HiSeq 2000
ERR046999	SAMEA1018989	Illumina HiSeq 2000
ERR047000	SAMEA1018981	Illumina HiSeq 2000
ERR047002	SAMEA1018958	Illumina HiSeq 2000
ERR047003	SAMEA1018935	Illumina HiSeq 2000
ERR047004	SAMEA1018913	Illumina HiSeq 2000
ERR047005	SAMEA1019016	Illumina HiSeq 2000
ERR047006	SAMEA1019071	Illumina HiSeq 2000
ERR047007	SAMEA1019053	Illumina HiSeq 2000
ERR047008	SAMEA1018987	Illumina HiSeq 2000
ERR047009	SAMEA1018975	Illumina HiSeq 2000
ERR047010	SAMEA1019010	Illumina HiSeq 2000
ERR047011	SAMEA1019006	Illumina HiSeq 2000
ERR047012	SAMEA1018993	Illumina HiSeq 2000
ERR047013	SAMEA1018927	Illumina HiSeq 2000
ERR047014	SAMEA1018899	Illumina HiSeq 2000
ERR047016	SAMEA1019119	Illumina HiSeq 2000
ERR072019	SAMEA1019108	Illumina HiSeq 2000
ERR072020	SAMEA1018881	Illumina HiSeq 2000
ERR072021	SAMEA1019274	Illumina HiSeq 2000
ERR072022	SAMEA1019282	Illumina HiSeq 2000
ERR072023	SAMEA1019214	Illumina HiSeq 2000
ERR072024	SAMEA1019244	Illumina HiSeq 2000
ERR072025	SAMEA1019204	Illumina HiSeq 2000
ERR072026	SAMEA1018931	Illumina HiSeq 2000
ERR072027	SAMEA1019178	Illumina HiSeq 2000
ERR072028	SAMEA1019166	Illumina HiSeq 2000
ERR072029	SAMEA1018950	Illumina HiSeq 2000
ERR072030	SAMEA1019150	Illumina HiSeq 2000
ERR072031	SAMEA1018885	Illumina HiSeq 2000
ERR072032	SAMEA1018936	Illumina HiSeq 2000
ERR072034	SAMEA1018850	Illumina HiSeq 2000
ERR072035	SAMEA1018972	Illumina HiSeq 2000
ERR072036	SAMEA1019197	Illumina HiSeq 2000
ERR072037	SAMEA1019263	Illumina HiSeq 2000
ERR072038	SAMEA1018973	Illumina HiSeq 2000
ERR072039	SAMEA1019291	Illumina HiSeq 2000
ERR072040	SAMEA1019288	Illumina HiSeq 2000
ERR072041	SAMEA1019301	Illumina HiSeq 2000
ERR072042	SAMEA1018840	Illumina HiSeq 2000
ERR072044	SAMEA1018998	Illumina HiSeq 2000
ERR072045	SAMEA1018872	Illumina HiSeq 2000
ERR072046	SAMEA1018891	Illumina HiSeq 2000
ERR072047	SAMEA1018999	Illumina HiSeq 2000
ERR072048	SAMEA1018920	Illumina HiSeq 2000
ERR072050	SAMEA1019317	Illumina HiSeq 2000
ERR072051	SAMEA1019004	Illumina HiSeq 2000
ERR072065	SAMEA1019245	Illumina HiSeq 2000
ERR072072	SAMEA1019092	Illumina HiSeq 2000
ERR072077	SAMEA1019109	Illumina HiSeq 2000
ERR072080	SAMEA1019297	Illumina HiSeq 2000
ERR072087	SAMEA1018905	Illumina HiSeq 2000
ERR072089	SAMEA1019323	Illumina HiSeq 2000
ERR072094	SAMEA1019102	Illumina HiSeq 2000
ERR072095	SAMEA1019137	Illumina HiSeq 2000
ERR072096	SAMEA1019082	Illumina HiSeq 2000
ERR400306	SAMEA2297130	Illumina MiSeq
ERR400544	SAMEA2297115	Illumina HiSeq 2000
ERR550617	SAMEA2533341	Illumina HiSeq 2500
ERR550618	SAMEA2533342	Illumina HiSeq 2500
ERR550620	SAMEA2533343	Illumina HiSeq 2500
ERR550621	SAMEA2533345	Illumina HiSeq 2500
ERR550628	SAMEA2533350	Illumina HiSeq 2500
ERR550629	SAMEA2533351	Illumina HiSeq 2500
ERR550630	SAMEA2533352	Illumina HiSeq 2500
ERR550632	SAMEA2533354	Illumina HiSeq 2500
ERR550633	SAMEA2533355	Illumina HiSeq 2500
ERR550635	SAMEA2533357	Illumina HiSeq 2500
ERR550642	SAMEA2533362	Illumina HiSeq 2500
ERR550650	SAMEA2533366	Illumina HiSeq 2500
ERR550653	SAMEA2533367	Illumina HiSeq 2500
ERR550656	SAMEA2533370	Illumina HiSeq 2500
ERR550660	SAMEA2533373	Illumina HiSeq 2500
ERR550661	SAMEA2533374	Illumina HiSeq 2500
ERR550662	SAMEA2533375	Illumina HiSeq 2500
ERR550672	SAMEA2533382	Illumina HiSeq 2500
ERR550673	SAMEA2533383	Illumina HiSeq 2500
ERR550678	SAMEA2533388	Illumina HiSeq 2500
ERR550686	SAMEA2533391	Illumina HiSeq 2500
ERR550688	SAMEA2533393	Illumina HiSeq 2500
ERR550689	SAMEA2533394	Illumina HiSeq 2500
ERR550692	SAMEA2533397	Illumina HiSeq 2500
ERR550695	SAMEA2533399	Illumina HiSeq 2500
ERR550696	SAMEA2533400	Illumina HiSeq 2500
ERR550698	SAMEA2533402	Illumina HiSeq 2500
ERR550699	SAMEA2533403	Illumina HiSeq 2500
ERR550700	SAMEA2533404	Illumina HiSeq 2500
ERR550702	SAMEA2533406	Illumina HiSeq 2500
ERR550708	SAMEA2533410	Illumina HiSeq 2500
ERR550709	SAMEA2533411	Illumina HiSeq 2500
ERR550710	SAMEA2533412	Illumina HiSeq 2500
ERR550711	SAMEA2533413	Illumina HiSeq 2500
ERR550713	SAMEA2533416	Illumina HiSeq 2500
ERR550714	SAMEA2533415	Illumina HiSeq 2500
ERR550717	SAMEA2533417	Illumina HiSeq 2500
ERR550722	SAMEA2533421	Illumina HiSeq 2500
ERR550730	SAMEA2533428	Illumina HiSeq 2500
ERR550731	SAMEA2533429	Illumina HiSeq 2500
ERR550737	SAMEA2533432	Illumina HiSeq 2500
ERR550742	SAMEA2533438	Illumina HiSeq 2500
ERR550745	SAMEA2533439	Illumina HiSeq 2500
ERR550746	SAMEA2533441	Illumina HiSeq 2500
ERR550747	SAMEA2533442	Illumina HiSeq 2500
ERR2815550,ERR550755	SAMEA2533447	NextSeq 500
ERR550759	SAMEA2533449	Illumina HiSeq 2500
ERR550760	SAMEA2533450	Illumina HiSeq 2500
ERR550761	SAMEA2533451	Illumina HiSeq 2500
ERR550764	SAMEA2533452	Illumina HiSeq 2500
ERR550767	SAMEA2533454	Illumina HiSeq 2500
ERR550768	SAMEA2533456	Illumina HiSeq 2500
ERR550769	SAMEA2533457	Illumina HiSeq 2500
ERR550774	SAMEA2533460	Illumina HiSeq 2500
ERR550776	SAMEA2533462	Illumina HiSeq 2500
ERR550789	SAMEA2533469	Illumina HiSeq 2500
ERR550790	SAMEA2533470	Illumina HiSeq 2500
ERR550793	SAMEA2533472	Illumina HiSeq 2500
ERR550795	SAMEA2533474	Illumina HiSeq 2500
ERR550796	SAMEA2533475	Illumina HiSeq 2500
ERR550801	SAMEA2533480	Illumina HiSeq 2500
ERR550802	SAMEA2533481	Illumina HiSeq 2500
ERR550803	SAMEA2533482	Illumina HiSeq 2500
ERR550810	SAMEA2533486	Illumina HiSeq 2500
ERR550811	SAMEA2533487	Illumina HiSeq 2500
ERR550812	SAMEA2533489	Illumina MiSeq
ERR550817	SAMEA2533493	Illumina HiSeq 2500
ERR550818	SAMEA2533494	Illumina HiSeq 2500
ERR550820	SAMEA2533496	Illumina HiSeq 2500
ERR550821	SAMEA2533497	Illumina HiSeq 2500
ERR550825	SAMEA2533501	Illumina HiSeq 2500
ERR550828	SAMEA2533503	Illumina HiSeq 2500
ERR550835	SAMEA2533507	Illumina HiSeq 2500
ERR550839	SAMEA2533510	Illumina HiSeq 2500
ERR550840	SAMEA2533509	Illumina HiSeq 2500
ERR550844	SAMEA2533512	Illumina HiSeq 2500
ERR550845	SAMEA2533515	Illumina HiSeq 2500
ERR550846	SAMEA2533516	Illumina HiSeq 2500
ERR550856	SAMEA2533522	Illumina HiSeq 2500
ERR550862	SAMEA2533527	Illumina HiSeq 2500
ERR550865	SAMEA2533529	Illumina HiSeq 2500
ERR550875	SAMEA2533537	Illumina HiSeq 2500
ERR550876	SAMEA2533536	Illumina HiSeq 2500
ERR550877	SAMEA2533538	Illumina HiSeq 2500
ERR550878	SAMEA2533539	Illumina HiSeq 2500
ERR550880	SAMEA2533541	Illumina HiSeq 2500
ERR550921	SAMEA2533562	Illumina HiSeq 2500
ERR550924	SAMEA2533565	Illumina HiSeq 2500
ERR550925	SAMEA2533567	Illumina HiSeq 2500
ERR550926	SAMEA2533568	Illumina HiSeq 2500
ERR550935	SAMEA2533573	Illumina HiSeq 2500
ERR550936	SAMEA2533575	Illumina HiSeq 2500
ERR550938	SAMEA2533577	Illumina HiSeq 2500
ERR550943	SAMEA2533581	Illumina HiSeq 2500
ERR550944	SAMEA2533582	Illumina HiSeq 2500
ERR550948	SAMEA2533584	Illumina HiSeq 2500
ERR550951	SAMEA2533587	Illumina HiSeq 2500
ERR2815527,ERR550954	SAMEA2533589	NextSeq 500
ERR550955	SAMEA2533590	Illumina HiSeq 2500
ERR550956	SAMEA2533591	Illumina HiSeq 2500
ERR550965	SAMEA2533597	Illumina HiSeq 2500
ERR550969	SAMEA2533599	Illumina HiSeq 2500
ERR550974	SAMEA2533602	Illumina HiSeq 2500
ERR550975	SAMEA2533603	Illumina HiSeq 2500
ERR550978	SAMEA2533605	Illumina HiSeq 2500
ERR550983	SAMEA2533607	Illumina HiSeq 2500
ERR550986	SAMEA2533612	Illumina HiSeq 2500
ERR550991	SAMEA2533614	Illumina HiSeq 2500
ERR550995	SAMEA2533618	Illumina HiSeq 2500
ERR550997	SAMEA2533620	Illumina HiSeq 2500
ERR551001	SAMEA2533623	Illumina HiSeq 2500
ERR551002	SAMEA2533624	Illumina HiSeq 2500
ERR551008	SAMEA2533629	Illumina HiSeq 2500
ERR551009	SAMEA2533630	Illumina HiSeq 2500
ERR551012	SAMEA2533633	Illumina HiSeq 2500
ERR551013	SAMEA2533634	Illumina HiSeq 2500
ERR551018	SAMEA2533638	Illumina HiSeq 2500
ERR551022	SAMEA2533641	Illumina HiSeq 2500
ERR551025	SAMEA2533643	Illumina HiSeq 2500
ERR551026	SAMEA2533644	Illumina HiSeq 2500
ERR551040	SAMEA2533653	Illumina HiSeq 2500
ERR551041	SAMEA2533654	Illumina HiSeq 2500
ERR551042	SAMEA2533656	Illumina HiSeq 2500
ERR551044	SAMEA2533657	Illumina HiSeq 2500
ERR551046	SAMEA2533659	Illumina HiSeq 2500
ERR551047	SAMEA2533660	Illumina HiSeq 2500
ERR551058	SAMEA2533667	Illumina HiSeq 2500
ERR551061	SAMEA2533668	Illumina HiSeq 2500
ERR551064	SAMEA2533669	Illumina HiSeq 2500
ERR551065	SAMEA2533671	Illumina HiSeq 2500
ERR551072	SAMEA2533676	Illumina HiSeq 2500
ERR551077	SAMEA2533680	Illumina HiSeq 2500
ERR551078	SAMEA2533681	Illumina HiSeq 2500
ERR551080	SAMEA2533683	Illumina HiSeq 2500
ERR551084	SAMEA2533686	Illumina HiSeq 2500
ERR551085	SAMEA2533687	Illumina HiSeq 2500
ERR551087	SAMEA2533689	Illumina HiSeq 2500
ERR551091	SAMEA2533693	Illumina HiSeq 2500
ERR551094	SAMEA2533696	Illumina HiSeq 2500
ERR551095	SAMEA2533697	Illumina HiSeq 2500
ERR551096	SAMEA2533699	Illumina HiSeq 2500
ERR551097	SAMEA2533698	Illumina HiSeq 2500
ERR551098	SAMEA2533700	Illumina HiSeq 2500
ERR551103	SAMEA2533703	Illumina HiSeq 2500
ERR551106	SAMEA2533705	Illumina HiSeq 2500
ERR551110	SAMEA2533706	Illumina HiSeq 2500
ERR551114	SAMEA2533709	Illumina HiSeq 2500
ERR551115	SAMEA2533710	Illumina HiSeq 2500
ERR551116	SAMEA2533711	Illumina HiSeq 2500
ERR551117	SAMEA2533712	Illumina HiSeq 2500
ERR551119	SAMEA2533715	Illumina HiSeq 2500
ERR551120	SAMEA2533714	Illumina HiSeq 2500
ERR551121	SAMEA2533716	Illumina MiSeq
ERR551125	SAMEA2533719	Illumina HiSeq 2500
ERR551127	SAMEA2533721	Illumina HiSeq 2500
ERR551143	SAMEA2533729	Illumina HiSeq 2500
ERR551144	SAMEA2533731	Illumina HiSeq 2500
ERR551145	SAMEA2533733	Illumina MiSeq
ERR551149	SAMEA2533736	Illumina HiSeq 2500
ERR551150	SAMEA2533735	Illumina HiSeq 2500
ERR551152	SAMEA2533738	Illumina HiSeq 2500
ERR551157	SAMEA2533741	Illumina HiSeq 2500
ERR551158	SAMEA2533742	Illumina HiSeq 2500
ERR551159	SAMEA2533743	Illumina MiSeq
ERR551160	SAMEA2533744	Illumina HiSeq 2500
ERR551163	SAMEA2533747	Illumina HiSeq 2500
ERR551165	SAMEA2533748	Illumina HiSeq 2500
ERR551170	SAMEA2533752	Illumina HiSeq 2500
ERR551178	SAMEA2533756	Illumina HiSeq 2500
ERR551183	SAMEA2533758	Illumina HiSeq 2500
ERR551186	SAMEA2533760	Illumina HiSeq 2500
ERR551188	SAMEA2533762	Illumina HiSeq 2500
ERR551191	SAMEA2533764	Illumina HiSeq 2500
ERR551196	SAMEA2533767	Illumina HiSeq 2500
ERR551198	SAMEA2533769	Illumina HiSeq 2500
ERR551213	SAMEA2533778	Illumina HiSeq 2500
ERR551223	SAMEA2533787	Illumina HiSeq 2500
ERR551224	SAMEA2533788	Illumina HiSeq 2500
ERR551229	SAMEA2533790	Illumina HiSeq 2500
ERR551232	SAMEA2533793	Illumina HiSeq 2500
ERR551238	SAMEA2533797	Illumina HiSeq 2500
ERR551243	SAMEA2533801	Illumina HiSeq 2500
ERR551244	SAMEA2533802	Illumina HiSeq 2500
ERR551245	SAMEA2533803	Illumina HiSeq 2500
ERR551252	SAMEA2533807	Illumina HiSeq 2500
ERR551257	SAMEA2533811	Illumina HiSeq 2500
ERR551260	SAMEA2533812	Illumina HiSeq 2500
ERR551266	SAMEA2533816	Illumina HiSeq 2500
ERR551267	SAMEA2533817	Illumina HiSeq 2500
ERR551268	SAMEA2533818	Illumina HiSeq 2500
ERR551269	SAMEA2533819	Illumina HiSeq 2500
ERR551270	SAMEA2533820	Illumina HiSeq 2500
ERR551271	SAMEA2533821	Illumina HiSeq 2500
ERR551272	SAMEA2533822	Illumina HiSeq 2500
ERR551273	SAMEA2533823	Illumina HiSeq 2500
ERR551274	SAMEA2533824	Illumina HiSeq 2500
ERR551275	SAMEA2533825	Illumina HiSeq 2500
ERR551276	SAMEA2533826	Illumina HiSeq 2500
ERR551277	SAMEA2533827	Illumina HiSeq 2500
ERR551279	SAMEA2533829	Illumina HiSeq 2500
ERR551282	SAMEA2533832	Illumina HiSeq 2500
ERR551286	SAMEA2533834	Illumina HiSeq 2500
ERR551290	SAMEA2533838	Illumina MiSeq
ERR551291	SAMEA2533839	Illumina HiSeq 2500
ERR551294	SAMEA2533841	Illumina HiSeq 2500
ERR551297	SAMEA2533842	Illumina HiSeq 2500
ERR551300	SAMEA2533846	Illumina HiSeq 2500
ERR551301	SAMEA2533845	Illumina HiSeq 2500
ERR551302	SAMEA2533847	Illumina HiSeq 2500
ERR551303	SAMEA2533848	Illumina HiSeq 2500
ERR551312	SAMEA2533851	Illumina HiSeq 2500
ERR551313	SAMEA2533852	Illumina HiSeq 2500
ERR551322	SAMEA2533857	Illumina HiSeq 2500
ERR551335	SAMEA2533864	Illumina HiSeq 2500
ERR551340	SAMEA2533868	Illumina HiSeq 2500
ERR551344	SAMEA2533871	Illumina HiSeq 2500
ERR551345	SAMEA2533872	Illumina HiSeq 2500
ERR551346	SAMEA2533873	Illumina HiSeq 2500
ERR551348	SAMEA2533875	Illumina HiSeq 2500
ERR551349	SAMEA2533876	Illumina HiSeq 2500
ERR551350	SAMEA2533878	Illumina HiSeq 2500
ERR551351	SAMEA2533877	Illumina HiSeq 2500
ERR551355	SAMEA2533881	Illumina HiSeq 2500
ERR551356	SAMEA2533883	Illumina HiSeq 2500
ERR551357	SAMEA2533884	Illumina HiSeq 2500
ERR551358	SAMEA2533885	Illumina HiSeq 2500
ERR551365	SAMEA2533888	Illumina HiSeq 2500
ERR551366	SAMEA2533889	Illumina HiSeq 2500
ERR551368	SAMEA2533890	Illumina HiSeq 2500
ERR551374	SAMEA2533895	Illumina HiSeq 2500
ERR551375	SAMEA2533896	Illumina HiSeq 2500
ERR551382	SAMEA2533900	Illumina HiSeq 2500
ERR551388	SAMEA2533904	Illumina HiSeq 2500
ERR551389	SAMEA2533905	Illumina HiSeq 2500
ERR551390	SAMEA2533906	Illumina HiSeq 2500
ERR2815592,ERR551392	SAMEA2533908	NextSeq 500
ERR551394	SAMEA2533911	Illumina HiSeq 2500
ERR551395	SAMEA2533912	Illumina HiSeq 2500
ERR551396	SAMEA2533913	Illumina HiSeq 2500
ERR551397	SAMEA2533914	Illumina HiSeq 2500
ERR551402	SAMEA2533917	Illumina HiSeq 2500
ERR551405	SAMEA2533920	Illumina HiSeq 2500
ERR551406	SAMEA2533921	Illumina HiSeq 2500
ERR551413	SAMEA2533924	Illumina HiSeq 2500
ERR551415	SAMEA2533926	Illumina HiSeq 2500
ERR551420	SAMEA2533930	Illumina HiSeq 2500
ERR551427	SAMEA2533934	Illumina HiSeq 2500
ERR551430	SAMEA2533936	Illumina MiSeq
ERR551433	SAMEA2533938	Illumina HiSeq 2500
ERR551434	SAMEA2533939	Illumina HiSeq 2500
ERR551435	SAMEA2533940	Illumina HiSeq 2500
ERR551441	SAMEA2533943	Illumina HiSeq 2500
ERR551442	SAMEA2533944	Illumina HiSeq 2500
ERR551446	SAMEA2533946	Illumina HiSeq 2500
ERR551447	SAMEA2533948	Illumina HiSeq 2500
ERR551454	SAMEA2533953	Illumina HiSeq 2500
ERR551455	SAMEA2533954	Illumina HiSeq 2500
ERR551458	SAMEA2533957	Illumina HiSeq 2500
ERR551459	SAMEA2533958	Illumina HiSeq 2500
ERR551462	SAMEA2533960	Illumina HiSeq 2500
ERR551463	SAMEA2533961	Illumina HiSeq 2500
ERR551473	SAMEA2533966	Illumina HiSeq 2500
ERR551476	SAMEA2533970	Illumina HiSeq 2500
ERR551479	SAMEA2533972	Illumina HiSeq 2500
ERR551482	SAMEA2533974	Illumina HiSeq 2500
ERR551483	SAMEA2533973	Illumina HiSeq 2500
ERR551486	SAMEA2533975	Illumina HiSeq 2500
ERR551487	SAMEA2533977	Illumina HiSeq 2500
ERR551489	SAMEA2533980	Illumina HiSeq 2500
ERR551490	SAMEA2533979	Illumina HiSeq 2500
ERR551497	SAMEA2533984	Illumina HiSeq 2500
ERR551498	SAMEA2533985	Illumina HiSeq 2500
ERR551503	SAMEA2533989	Illumina HiSeq 2500
ERR551504	SAMEA2533988	Illumina HiSeq 2500
ERR551505	SAMEA2533990	Illumina HiSeq 2500
ERR551508	SAMEA2533991	Illumina HiSeq 2500
ERR551522	SAMEA2533999	Illumina HiSeq 2500
ERR551526	SAMEA2534001	Illumina HiSeq 2500
ERR551529	SAMEA2534003	Illumina HiSeq 2500
ERR551532	SAMEA2534005	Illumina HiSeq 2500
ERR551533	SAMEA2534006	Illumina HiSeq 2500
ERR551538	SAMEA2534011	Illumina HiSeq 2500
ERR551541	SAMEA2534013	Illumina HiSeq 2500
ERR551546	SAMEA2534015	Illumina HiSeq 2500
ERR551552	SAMEA2534020	Illumina HiSeq 2500
ERR551559	SAMEA2534026	Illumina HiSeq 2500
ERR551563	SAMEA2534029	Illumina HiSeq 2500
ERR551564	SAMEA2534030	Illumina HiSeq 2500
ERR551565	SAMEA2534032	Illumina HiSeq 2500
ERR551573	SAMEA2534037	Illumina HiSeq 2500
ERR551574	SAMEA2534038	Illumina HiSeq 2500
ERR551576	SAMEA2534039	Illumina HiSeq 2500
ERR551579	SAMEA2534044	Illumina HiSeq 2500
ERR551580	SAMEA2534043	Illumina HiSeq 2500
ERR551586	SAMEA2534047	Illumina HiSeq 2500
ERR551593	SAMEA2534053	Illumina HiSeq 2500
ERR551594	SAMEA2534054	Illumina HiSeq 2500
ERR551598	SAMEA2534055	Illumina HiSeq 2500
ERR551602	SAMEA2534060	Illumina HiSeq 2500
ERR551606	SAMEA2534065	Illumina HiSeq 2500
ERR551607	SAMEA2534064	Illumina HiSeq 2500
ERR551608	SAMEA2534063	Illumina HiSeq 2500
ERR551612	SAMEA2534068	Illumina HiSeq 2500
ERR551614	SAMEA2534070	Illumina HiSeq 2500
ERR551616	SAMEA2534072	Illumina HiSeq 2500
ERR551627	SAMEA2534078	Illumina HiSeq 2500
ERR551631	SAMEA2534081	Illumina HiSeq 2500
ERR551632	SAMEA2534082	Illumina HiSeq 2500
ERR551633	SAMEA2534083	Illumina HiSeq 2500
ERR551646	SAMEA2534089	Illumina HiSeq 2500
ERR551652	SAMEA2534094	Illumina HiSeq 2500
ERR551656	SAMEA2534095	Illumina HiSeq 2500
ERR551657	SAMEA2534096	Illumina HiSeq 2500
ERR551658	SAMEA2534097	Illumina HiSeq 2500
ERR551661	SAMEA2534099	Illumina HiSeq 2500
ERR551662	SAMEA2534100	Illumina HiSeq 2500
ERR551663	SAMEA2534101	Illumina HiSeq 2500
ERR551664	SAMEA2534102	Illumina HiSeq 2500
ERR551669	SAMEA2534105	Illumina HiSeq 2500
ERR551670	SAMEA2534106	Illumina HiSeq 2500
ERR551672	SAMEA2534110	Illumina HiSeq 2500
ERR551679	SAMEA2534113	Illumina HiSeq 2500
ERR551684	SAMEA2534115	Illumina HiSeq 2500
ERR551690	SAMEA2534122	Illumina HiSeq 2500
ERR551691	SAMEA2534123	Illumina HiSeq 2500
ERR551695	SAMEA2534125	Illumina HiSeq 2500
ERR551696	SAMEA2534127	Illumina HiSeq 2500
ERR551701	SAMEA2534129	Illumina MiSeq
ERR551703	SAMEA2534131	Illumina HiSeq 2500
ERR551712	SAMEA2534136	Illumina HiSeq 2500
ERR551714	SAMEA2534138	Illumina HiSeq 2500
ERR551715	SAMEA2534141	Illumina HiSeq 2500
ERR551716	SAMEA2534140	Illumina HiSeq 2500
ERR551718	SAMEA2534142	Illumina HiSeq 2500
ERR551719	SAMEA2534143	Illumina HiSeq 2500
ERR551720	SAMEA2534144	Illumina HiSeq 2500
ERR551723	SAMEA2534147	Illumina HiSeq 2500
ERR551732	SAMEA2534153	Illumina HiSeq 2500
ERR551733	SAMEA2534154	Illumina HiSeq 2500
ERR551741	SAMEA2534159	Illumina HiSeq 2500
ERR551742	SAMEA2534161	Illumina HiSeq 2500
ERR551747	SAMEA2534164	Illumina HiSeq 2500
ERR551751	SAMEA2534165	Illumina HiSeq 2500
ERR551752	SAMEA2534167	Illumina HiSeq 2500
ERR551753	SAMEA2534168	Illumina HiSeq 2500
ERR551754	SAMEA2534169	Illumina HiSeq 2500
ERR551756	SAMEA2534170	Illumina HiSeq 2500
ERR551761	SAMEA2534174	Illumina HiSeq 2500
ERR551762	SAMEA2534176	Illumina HiSeq 2500
ERR551763	SAMEA2534177	Illumina HiSeq 2500
ERR551774	SAMEA2534183	Illumina HiSeq 2500
ERR551778	SAMEA2534184	Illumina HiSeq 2500
ERR551779	SAMEA2534186	Illumina HiSeq 2500
ERR551783	SAMEA2534188	Illumina HiSeq 2500
ERR551784	SAMEA2534190	Illumina HiSeq 2500
ERR551787	SAMEA2534193	Illumina HiSeq 2500
ERR551796	SAMEA2534198	Illumina HiSeq 2500
ERR551802	SAMEA2534202	Illumina HiSeq 2500
ERR551803	SAMEA2534203	Illumina HiSeq 2500
ERR551813	SAMEA2534209	Illumina HiSeq 2500
ERR551814	SAMEA2534210	Illumina HiSeq 2500
ERR551818	SAMEA2534213	Illumina HiSeq 2500
ERR551824	SAMEA2534218	Illumina HiSeq 2500
ERR551825	SAMEA2534219	Illumina HiSeq 2500
ERR551834	SAMEA2534226	Illumina HiSeq 2500
ERR551836	SAMEA2534228	Illumina HiSeq 2500
ERR551837	SAMEA2534227	Illumina HiSeq 2500
ERR551839	SAMEA2534230	Illumina HiSeq 2500
ERR551840	SAMEA2534231	Illumina HiSeq 2500
ERR551841	SAMEA2534232	Illumina HiSeq 2500
ERR551842	SAMEA2534233	Illumina HiSeq 2500
ERR551846	SAMEA2534235	Illumina HiSeq 2500
ERR551849	SAMEA2534238	Illumina HiSeq 2500
ERR551856	SAMEA2534242	Illumina HiSeq 2500
ERR551858	SAMEA2534245	Illumina HiSeq 2500
ERR551859	SAMEA2534244	Illumina HiSeq 2500
ERR551860	SAMEA2534246	Illumina HiSeq 2500
ERR551864	SAMEA2534247	Illumina HiSeq 2500
ERR551867	SAMEA2534251	Illumina HiSeq 2500
ERR551868	SAMEA2534252	Illumina HiSeq 2500
ERR551871	SAMEA2534254	Illumina HiSeq 2500
ERR551872	SAMEA2534255	Illumina HiSeq 2500
ERR551873	SAMEA2534257	Illumina HiSeq 2500
ERR551874	SAMEA2534256	Illumina HiSeq 2500
ERR551876	SAMEA2534259	Illumina HiSeq 2500
ERR551883	SAMEA2534265	Illumina HiSeq 2500
ERR551884	SAMEA2534264	Illumina HiSeq 2500
ERR551889	SAMEA2534267	Illumina HiSeq 2500
ERR551893	SAMEA2534271	Illumina HiSeq 2500
ERR551898	SAMEA2534274	Illumina HiSeq 2500
ERR551900	SAMEA2534276	Illumina HiSeq 2500
ERR551901	SAMEA2534277	Illumina HiSeq 2500
ERR551902	SAMEA2534278	Illumina HiSeq 2500
ERR551908	SAMEA2534281	Illumina HiSeq 2500
ERR551911	SAMEA2534282	Illumina HiSeq 2500
ERR551912	SAMEA2534284	Illumina HiSeq 2500
ERR551916	SAMEA2534288	Illumina HiSeq 2500
ERR551917	SAMEA2534289	Illumina HiSeq 2500
ERR551931	SAMEA2534299	Illumina HiSeq 2500
ERR551932	SAMEA2534298	Illumina HiSeq 2500
ERR551933	SAMEA2534300	Illumina HiSeq 2500
ERR551936	SAMEA2534302	Illumina HiSeq 2500
ERR551940	SAMEA2534305	Illumina HiSeq 2500
ERR551954	SAMEA2534313	Illumina HiSeq 2500
ERR551958	SAMEA2534315	Illumina HiSeq 2500
ERR551962	SAMEA2534318	Illumina HiSeq 2500
ERR551964	SAMEA2534320	Illumina HiSeq 2500
ERR551968	SAMEA2534322	Illumina HiSeq 2500
ERR551971	SAMEA2534324	Illumina HiSeq 2500
ERR551988	SAMEA2534332	Illumina HiSeq 2500
ERR551989	SAMEA2534334	Illumina HiSeq 2500
ERR551992	SAMEA2534336	Illumina HiSeq 2500
ERR551993	SAMEA2534337	Illumina HiSeq 2500
ERR551999	SAMEA2534341	Illumina HiSeq 2500
ERR552006	SAMEA2534345	Illumina HiSeq 2500
ERR552009	SAMEA2534348	Illumina HiSeq 2500
ERR552013	SAMEA2534351	Illumina HiSeq 2500
ERR552014	SAMEA2534352	Illumina HiSeq 2500
ERR552018	SAMEA2534354	Illumina HiSeq 2500
ERR552019	SAMEA2534355	Illumina HiSeq 2500
ERR552020	SAMEA2534356	Illumina HiSeq 2500
ERR552025	SAMEA2534359	Illumina HiSeq 2500
ERR552028	SAMEA2534360	Illumina HiSeq 2500
ERR552030	SAMEA2534363	Illumina HiSeq 2500
ERR552036	SAMEA2534367	Illumina HiSeq 2500
ERR552043	SAMEA2534372	Illumina HiSeq 2500
ERR552047	SAMEA2534373	Illumina MiSeq
ERR552050	SAMEA2534376	Illumina HiSeq 2500
ERR552051	SAMEA2534377	Illumina HiSeq 2500
ERR552054	SAMEA2534379	Illumina HiSeq 2500
ERR552055	SAMEA2534380	Illumina HiSeq 2500
ERR552057	SAMEA2534381	Illumina HiSeq 2500
ERR552058	SAMEA2534383	Illumina HiSeq 2500
ERR552059	SAMEA2534384	Illumina HiSeq 2500
ERR552060	SAMEA2534385	Illumina HiSeq 2500
ERR552061	SAMEA2534386	Illumina HiSeq 2500
ERR552062	SAMEA2534387	Illumina HiSeq 2500
ERR552063	SAMEA2534388	Illumina HiSeq 2500
ERR552066	SAMEA2534390	Illumina HiSeq 2500
ERR552072	SAMEA2534395	Illumina HiSeq 2500
ERR552076	SAMEA2534398	Illumina HiSeq 2500
ERR552085	SAMEA2534404	Illumina HiSeq 2500
ERR552091	SAMEA2534406	Illumina HiSeq 2500
ERR552092	SAMEA2534407	Illumina HiSeq 2500
ERR552096	SAMEA2534410	Illumina HiSeq 2500
ERR552100	SAMEA2534414	Illumina HiSeq 2500
ERR552107	SAMEA2534417	Illumina HiSeq 2500
ERR552113	SAMEA2534421	Illumina MiSeq
ERR552114	SAMEA2534423	Illumina HiSeq 2500
ERR552126	SAMEA2534430	Illumina HiSeq 2500
ERR552128	SAMEA2534432	Illumina HiSeq 2500
ERR552137	SAMEA2534439	Illumina HiSeq 2500
ERR552145	SAMEA2534443	Illumina HiSeq 2500
ERR552146	SAMEA2534445	Illumina HiSeq 2500
ERR552154	SAMEA2534448	Illumina HiSeq 2500
ERR552155	SAMEA2534450	Illumina HiSeq 2500
ERR552156	SAMEA2534451	Illumina HiSeq 2500
ERR552166	SAMEA2534457	Illumina HiSeq 2500
ERR552167	SAMEA2534458	Illumina HiSeq 2500
ERR552168	SAMEA2534460	Illumina HiSeq 2500
ERR552175	SAMEA2534463	Illumina HiSeq 2500
ERR552178	SAMEA2534465	Illumina HiSeq 2500
ERR552180	SAMEA2534467	Illumina HiSeq 2500
ERR552183	SAMEA2534469	Illumina HiSeq 2500
ERR552186	SAMEA2534472	Illumina HiSeq 2500
ERR552203	SAMEA2534480	Illumina HiSeq 2500
ERR552204	SAMEA2534481	Illumina HiSeq 2500
ERR552205	SAMEA2534482	Illumina HiSeq 2500
ERR552207	SAMEA2534484	Illumina HiSeq 2500
ERR552209	SAMEA2534486	Illumina HiSeq 2500
ERR552214	SAMEA2534488	Illumina HiSeq 2500
ERR552218	SAMEA2534490	Illumina HiSeq 2500
ERR552220	SAMEA2534491	Illumina HiSeq 2500
ERR552227	SAMEA2534498	Illumina HiSeq 2500
ERR552232	SAMEA2534503	Illumina HiSeq 2500
ERR552233	SAMEA2534502	Illumina HiSeq 2500
ERR552235	SAMEA2534504	Illumina HiSeq 2500
ERR552248	SAMEA2534513	Illumina HiSeq 2500
ERR552249	SAMEA2534514	Illumina HiSeq 2500
ERR552256	SAMEA2534519	Illumina HiSeq 2500
ERR552263	SAMEA2534523	Illumina HiSeq 2500
ERR552264	SAMEA2534524	Illumina HiSeq 2500
ERR552266	SAMEA2534526	Illumina HiSeq 2500
ERR552268	SAMEA2534528	Illumina HiSeq 2500
ERR552269	SAMEA2534529	Illumina HiSeq 2500
ERR552270	SAMEA2534530	Illumina HiSeq 2500
ERR552271	SAMEA2534531	Illumina HiSeq 2500
ERR552272	SAMEA2534532	Illumina HiSeq 2500
ERR552274	SAMEA2534534	Illumina MiSeq
ERR552278	SAMEA2534537	Illumina HiSeq 2500
ERR552280	SAMEA2534539	Illumina HiSeq 2500
ERR552290	SAMEA2534546	Illumina HiSeq 2500
ERR552291	SAMEA2534545	Illumina HiSeq 2500
ERR552292	SAMEA2534547	Illumina HiSeq 2500
ERR552293	SAMEA2534548	Illumina HiSeq 2500
ERR552294	SAMEA2534549	Illumina HiSeq 2500
ERR552299	SAMEA2534552	Illumina HiSeq 2500
ERR552300	SAMEA2534553	Illumina HiSeq 2500
ERR552315	SAMEA2534559	Illumina HiSeq 2500
ERR552316	SAMEA2534560	Illumina HiSeq 2500
ERR552317	SAMEA2534561	Illumina HiSeq 2500
ERR552320	SAMEA2534562	Illumina HiSeq 2500
ERR552324	SAMEA2534566	Illumina HiSeq 2500
ERR552334	SAMEA2534572	Illumina HiSeq 2500
ERR552335	SAMEA2534573	Illumina HiSeq 2500
ERR552336	SAMEA2534574	Illumina HiSeq 2500
ERR552338	SAMEA2534576	Illumina HiSeq 2500
ERR552340	SAMEA2534578	Illumina HiSeq 2500
ERR552345	SAMEA2534584	Illumina HiSeq 2500
ERR552350	SAMEA2534586	Illumina HiSeq 2500
ERR552351	SAMEA2534587	Illumina HiSeq 2500
ERR552353	SAMEA2534589	Illumina HiSeq 2500
ERR552354	SAMEA2534590	Illumina HiSeq 2500
ERR552355	SAMEA2534591	Illumina HiSeq 2500
ERR552358	SAMEA2534593	Illumina MiSeq
ERR552359	SAMEA2534595	Illumina HiSeq 2500
ERR552367	SAMEA2534599	Illumina HiSeq 2500
ERR552370	SAMEA2534604	Illumina HiSeq 2500
ERR552371	SAMEA2534603	Illumina HiSeq 2500
ERR552372	SAMEA2534602	Illumina HiSeq 2500
ERR552375	SAMEA2534606	Illumina HiSeq 2500
ERR552378	SAMEA2534608	Illumina HiSeq 2500
ERR552379	SAMEA2534609	Illumina HiSeq 2500
ERR552382	SAMEA2534611	Illumina HiSeq 2500
ERR552385	SAMEA2534613	Illumina HiSeq 2500
ERR552388	SAMEA2534617	Illumina HiSeq 2500
ERR552391	SAMEA2534618	Illumina HiSeq 2500
ERR552394	SAMEA2534619	Illumina HiSeq 2500
ERR552402	SAMEA2534625	Illumina HiSeq 2500
ERR552419	SAMEA2534637	Illumina HiSeq 2500
ERR552428	SAMEA2534639	Illumina HiSeq 2500
ERR552436	SAMEA2534646	Illumina HiSeq 2500
ERR552438	SAMEA2534649	Illumina HiSeq 2500
ERR552440	SAMEA2534650	Illumina HiSeq 2500
ERR552441	SAMEA2534651	Illumina MiSeq
ERR552449	SAMEA2534657	Illumina HiSeq 2500
ERR552459	SAMEA2534662	Illumina HiSeq 2500
ERR552460	SAMEA2534664	Illumina HiSeq 2500
ERR552461	SAMEA2534663	Illumina HiSeq 2500
ERR552464	SAMEA2534667	Illumina HiSeq 2500
ERR552465	SAMEA2534668	Illumina HiSeq 2500
ERR552476	SAMEA2534674	Illumina HiSeq 2500
ERR552477	SAMEA2534675	Illumina HiSeq 2500
ERR552483	SAMEA2534678	Illumina HiSeq 2500
ERR552490	SAMEA2534684	Illumina HiSeq 2500
ERR552502	SAMEA2534692	Illumina HiSeq 2500
ERR552505	SAMEA2534694	Illumina HiSeq 2500
ERR552508	SAMEA2534697	Illumina HiSeq 2500
ERR552511	SAMEA2534698	Illumina HiSeq 2500
ERR552512	SAMEA2534700	Illumina HiSeq 2500
ERR552517	SAMEA2534702	Illumina MiSeq
ERR552524	SAMEA2534706	Illumina HiSeq 2500
ERR552525	SAMEA2534707	Illumina HiSeq 2500
ERR552528	SAMEA2534709	Illumina HiSeq 2500
ERR552535	SAMEA2534714	Illumina HiSeq 2500
ERR552538	SAMEA2534716	Illumina HiSeq 2500
ERR552539	SAMEA2534717	Illumina HiSeq 2500
ERR552541	SAMEA2534719	Illumina HiSeq 2500
ERR552543	SAMEA2534722	Illumina HiSeq 2500
ERR552544	SAMEA2534723	Illumina HiSeq 2500
ERR552547	SAMEA2534724	Illumina HiSeq 2500
ERR552552	SAMEA2534727	Illumina HiSeq 2500
ERR552564	SAMEA2534735	Illumina HiSeq 2500
ERR552567	SAMEA2534737	Illumina HiSeq 2500
ERR552568	SAMEA2534738	Illumina HiSeq 2500
ERR552578	SAMEA2534742	Illumina HiSeq 2500
ERR552580	SAMEA2534744	Illumina MiSeq
ERR552581	SAMEA2534745	Illumina HiSeq 2500
ERR552582	SAMEA2534746	Illumina HiSeq 2500
ERR552583	SAMEA2534747	Illumina HiSeq 2500
ERR552584	SAMEA2534748	Illumina HiSeq 2500
ERR552587	SAMEA2534750	Illumina HiSeq 2500
ERR552591	SAMEA2534752	Illumina HiSeq 2500
ERR552597	SAMEA2534755	Illumina HiSeq 2500
ERR552600	SAMEA2534758	Illumina HiSeq 2500
ERR552601	SAMEA2534759	Illumina HiSeq 2500
ERR552602	SAMEA2534760	Illumina HiSeq 2500
ERR552608	SAMEA2534764	Illumina HiSeq 2500
ERR552609	SAMEA2534765	Illumina HiSeq 2500
ERR552613	SAMEA2534768	Illumina HiSeq 2500
ERR552615	SAMEA2534771	Illumina HiSeq 2500
ERR552624	SAMEA2534776	Illumina HiSeq 2500
ERR552630	SAMEA2534779	Illumina HiSeq 2500
ERR552638	SAMEA2534786	Illumina HiSeq 2500
ERR552639	SAMEA2534787	Illumina HiSeq 2500
ERR552642	SAMEA2534789	Illumina HiSeq 2500
ERR552644	SAMEA2534792	Illumina HiSeq 2500
ERR552649	SAMEA2534796	Illumina HiSeq 2500
ERR552656	SAMEA2534800	Illumina HiSeq 2500
ERR552657	SAMEA2534801	Illumina HiSeq 2500
ERR552659	SAMEA2534803	Illumina HiSeq 2500
ERR552663	SAMEA2534806	Illumina HiSeq 2500
ERR552665	SAMEA2534808	Illumina HiSeq 2500
ERR552674	SAMEA2534812	Illumina HiSeq 2500
ERR552676	SAMEA2534814	Illumina HiSeq 2500
ERR552677	SAMEA2534815	Illumina MiSeq
ERR552683	SAMEA2534817	Illumina HiSeq 2500
ERR552686	SAMEA2534821	Illumina HiSeq 2500
ERR552687	SAMEA2534820	Illumina HiSeq 2500
ERR552688	SAMEA2534822	Illumina HiSeq 2500
ERR552691	SAMEA2534825	Illumina HiSeq 2500
ERR552693	SAMEA2534826	Illumina HiSeq 2500
ERR552694	SAMEA2534827	Illumina HiSeq 2500
ERR552697	SAMEA2534829	Illumina HiSeq 2500
ERR552699	SAMEA2534831	Illumina HiSeq 2500
ERR552702	SAMEA2534834	Illumina HiSeq 2500
ERR552703	SAMEA2534835	Illumina HiSeq 2500
ERR552704	SAMEA2534837	Illumina HiSeq 2500
ERR552705	SAMEA2534836	Illumina HiSeq 2500
ERR552706	SAMEA2534838	Illumina HiSeq 2500
ERR552713	SAMEA2534844	Illumina HiSeq 2500
ERR552715	SAMEA2534846	Illumina HiSeq 2500
ERR552716	SAMEA2534845	Illumina HiSeq 2500
ERR552717	SAMEA2534848	Illumina HiSeq 2500
ERR552721	SAMEA2534850	Illumina HiSeq 2500
ERR552722	SAMEA2534851	Illumina HiSeq 2500
ERR552724	SAMEA2534853	Illumina HiSeq 2500
ERR552727	SAMEA2534854	Illumina HiSeq 2500
ERR552730	SAMEA2534858	Illumina HiSeq 2500
ERR552737	SAMEA2534863	Illumina HiSeq 2500
ERR552742	SAMEA2534865	Illumina HiSeq 2500
ERR552744	SAMEA2534867	Illumina HiSeq 2500
ERR552749	SAMEA2534872	Illumina HiSeq 2500
ERR552750	SAMEA2534873	Illumina HiSeq 2500
ERR552752	SAMEA2534876	Illumina HiSeq 2500
ERR552756	SAMEA2534879	Illumina HiSeq 2500
ERR552757	SAMEA2534881	Illumina HiSeq 2500
ERR552758	SAMEA2534882	Illumina HiSeq 2500
ERR552759	SAMEA2534883	Illumina HiSeq 2500
ERR552761	SAMEA2534885	Illumina HiSeq 2500
ERR552762	SAMEA2534886	Illumina HiSeq 2500
ERR552770	SAMEA2534892	Illumina HiSeq 2500
ERR552773	SAMEA2534894	Illumina HiSeq 2500
ERR552774	SAMEA2534895	Illumina MiSeq
ERR552781	SAMEA2534900	Illumina HiSeq 2500
ERR552788	SAMEA2534905	Illumina HiSeq 2500
ERR552795	SAMEA2534910	Illumina HiSeq 2500
